<?xml version="1.0" encoding="utf-8" ?>
<permissions>
    <privapp-permissions package="net.dinglisch.android.taskerm">
        <permission name="android.permission.PACKAGE_USAGE_STATS"/>
        <permission name="android.permission.MODIFY_PHONE_STATE"/>
        <permission name="android.permission.SET_TIME_ZONE"/>
        <permission name="android.permission.WRITE_SECURE_SETTINGS"/>
        <permission name="android.permission.DUMP"/>
        <permission name="android.permission.CHANGE_CONFIGURATION"/>
        <permission name="android.permission.TETHER_PRIVILEGED"/>
        <permission name="android.permission.CAPTURE_AUDIO_OUTPUT"/>
        <permission name="android.permission.SET_MEDIA_KEY_LISTENER"/>
        <permission name="android.permission.SET_WALLPAPER_COMPONENT"/>
        <permission name="android.permission.SET_VOLUME_KEY_LONG_PRESS_LISTENER"/>
        <permission name="android.permission.READ_LOGS"/>
        <permission name="android.permission.SET_PROCESS_LIMIT"/>
        <permission name="android.permission.INTERACT_ACROSS_USERS"/>
        <permission name="android.permission.BLUETOOTH_PRIVILEGED"/>
        <permission name="android.permission.WRITE_APN_SETTINGS"/>
        <permission name="android.permission.SYSTEM_CAMERA"/>
        <permission name="android.permission.WRITE_MEDIA_STORAGE"/>
        <permission name="android.permission.OVERRIDE_WIFI_CONFIG"/>
        <!-- Not added yet in AndroidManifest.xml -->
        <permission name="android.permission.ACCESS_MEDIA_LOCATION"/>
        <permission name="android.permission.MANAGE_MEDIA_PROJECTION"/>
        <permission name="android.permission.MANAGE_ONGOING_CALLS"/>
        <permission name="android.permission.HIGH_SAMPLING_RATE_SENSORS"/>
        <permission name="android.permission.CAMERA_OPEN_CLOSE_LISTENER"/>
        <permission name="android.permission.ACCESS_SURFACE_FLINGER"/>
        <permission name="android.permission.ROTATE_SURFACE_FLINGER"/>
        <permission name="android.permission.INTERNAL_SYSTEM_WINDOW"/>
    </privapp-permissions>
</permissions>


