<?xml version="1.0" encoding="utf-8"?>
<permissions>
    <privapp-permissions package="com.sonyericsson.music">
        <permission name="android.permission.WRITE_MEDIA_STORAGE"/>
        <!-- Not added yet in AndroidManifest.xml -->
        <permission name="android.permission.READ_MEDIA_IMAGES"/>
        <permission name="android.permission.READ_MEDIA_VIDEO"/>
        <permission name="android.permission.ACCESS_MEDIA_LOCATION"/>
        <permission name="android.permission.MANAGE_EXTERNAL_STORAGE"/>
        <permission name="android.permission.SYSTEM_ALERT_WINDOW"/>
        <!-- Added in AndroidManifest.xml but restricted -->
        <permission name="android.permission.READ_EXTERNAL_STORAGE"/>
        <permission name="android.permission.WRITE_EXTERNAL_STORAGE"/>
    </privapp-permissions>
</permissions>
