<?xml version="1.0" encoding="utf-8"?>
<permissions>
    <privapp-permissions package="com.myprog.hexedit">
        <!-- Not declared yet in AndroidManifest.xml -->
        <permission name="android.permission.MANAGE_EXTERNAL_STORAGE"/>
        <permission name="android.permission.SYSTEM_ALERT_WINDOW"/>
        <permission name="android.permission.ACCESS_MEDIA_LOCATION"/>
        <permission name="android.permission.ACCESS_SURFACE_FLINGER"/>
        <permission name="android.permission.ROTATE_SURFACE_FLINGER"/>
        <permission name="android.permission.INTERNAL_SYSTEM_WINDOW"/>
        <permission name="android.permission.WRITE_MEDIA_STORAGE"/>
        <permission name="android.permission.MANAGE_MEDIA"/>
    </privapp-permissions>
</permissions>
