<?xml version="1.0" encoding="utf-8"?>
<!--
  ~ Copyright (C) 2019 The Android Open Source Project
  ~
  ~ Licensed under the Apache License, Version 2.0 (the "License");
  ~ you may not use this file except in compliance with the License.
  ~ You may obtain a copy of the License at
  ~
  ~      http://www.apache.org/licenses/LICENSE-2.0
  ~
  ~ Unless required by applicable law or agreed to in writing, software
  ~ distributed under the License is distributed on an "AS IS" BASIS,
  ~ WITHOUT WARRANTIES OR CONDITIONS OF ANY KIND, either express or implied.
  ~ See the License for the specific language governing permissions and
  ~ limitations under the License
  -->
<permissions>
    <privapp-permissions package="io.chaldeaprjkt.gamespace">
        <permission name="android.permission.GET_TASKS" />
        <permission name="android.permission.INTERACT_ACROSS_USERS" />
        <permission name="android.permission.MANAGE_GAME_MODE" />
        <permission name="android.permission.QUERY_ALL_PACKAGES" />
        <permission name="android.permission.READ_DEVICE_CONFIG" />
        <permission name="android.permission.RECEIVE_BOOT_COMPLETED" />
        <permission name="android.permission.SYSTEM_ALERT_WINDOW" />
        <permission name="android.permission.WRITE_DEVICE_CONFIG" />
        <permission name="android.permission.WAKE_LOCK" />
        <permission name="android.permission.ACCESS_FPS_COUNTER" />
        <permission name="android.permission.ANSWER_PHONE_CALLS" />
    </privapp-permissions>
</permissions>
