<?xml version='1.0' encoding='utf-8' standalone='yes' ?>
<exceptions>
    <exception package="net.dinglisch.android.taskerm">
        <permission name="android.permission.POST_NOTIFICATIONS" fixed="false"/>
        <permission name="android.permission.READ_EXTERNAL_STORAGE" fixed="false"/>
        <permission name="android.permission.WRITE_EXTERNAL_STORAGE" fixed="false"/>
        <permission name="android.permission.ACCESS_MEDIA_LOCATION" fixed="false"/>
        <permission name="android.permission.READ_MEDIA_AUDIO" fixed="false"/>
        <permission name="android.permission.READ_MEDIA_VIDEO" fixed="false"/>
        <permission name="android.permission.READ_MEDIA_IMAGES" fixed="false"/>
    </exception>
</exceptions>
