<?xml version='1.0' encoding='utf-8' standalone='yes' ?>
<exceptions>
    <exception package="com.miui.securitycenter">
        <permission name="android.permission.POST_NOTIFICATIONS" fixed="false"/>
        <permission name="android.permission.BLUETOOTH_CONNECT" fixed="false"/>
        <permission name="android.permission.READ_PHONE_STATE" fixed="false"/>
        <permission name="android.permission.ACCESS_FINE_LOCATION" fixed="false"/>
        <permission name="android.permission.ACCESS_COARSE_LOCATION" fixed="false"/>
        <permission name="android.permission.ACCESS_BACKGROUND_LOCATION" fixed="false"/>
        <permission name="android.permission.CALL_PHONE" fixed="false"/>
        <permission name="android.permission.READ_CONTACTS" fixed="false"/>
        <permission name="android.permission.CAMERA" fixed="false"/>
        <permission name="android.permission.READ_CALENDAR" fixed="false"/>
        <permission name="android.permission.WRITE_CALENDAR" fixed="false"/>
        <permission name="android.permission.READ_CALL_LOG" fixed="false"/>
        <permission name="android.permission.WRITE_CALL_LOG" fixed="false"/>
        <permission name="android.permission.READ_SMS" fixed="false"/>
        <permission name="android.permission.READ_EXTERNAL_STORAGE" fixed="false"/>
        <permission name="android.permission.WRITE_EXTERNAL_STORAGE" fixed="false"/>
        <permission name="android.permission.ACCESS_MEDIA_LOCATION" fixed="false"/>
        <permission name="android.permission.READ_MEDIA_AUDIO" fixed="false"/>
        <permission name="android.permission.READ_MEDIA_VIDEO" fixed="false"/>
        <permission name="android.permission.READ_MEDIA_IMAGES" fixed="false"/>
    </exception>
</exceptions>
