<?xml version="1.0" encoding="utf-8"?>
<!--
     Copyright (C) 2019-2023 crDroid Android Project

     Licensed under the Apache License, Version 2.0 (the "License");
     you may not use this file except in compliance with the License.
     You may obtain a copy of the License at

          http://www.apache.org/licenses/LICENSE-2.0

     Unless required by applicable law or agreed to in writing, software
     distributed under the License is distributed on an "AS IS" BASIS,
     WITHOUT WARRANTIES OR CONDITIONS OF ANY KIND, either express or implied.
     See the License for the specific language governing permissions and
     limitations under the License.
-->
<permissions>
    <!-- Additional permissions on top of privapp_whitelist_com.android.launcher3.xml -->
    <privapp-permissions package="com.android.launcher3">
        <permission name="android.permission.SUSPEND_APPS"/>
        <permission name="android.permission.INTERACT_ACROSS_USERS_FULL"/>
        <permission name="android.permission.MANAGE_APP_LOCK"/>
        <permission name="android.permission.MEDIA_CONTENT_CONTROL"/>
        <permission name="android.permission.FORCE_STOP_PACKAGES"/>
        <permission name="android.permission.GET_INTENT_SENDER_INTENT"/>
        <permission name="com.android.alarm.permission.SET_ALARM"/>
    </privapp-permissions>
</permissions>
