<?xml version="1.0" encoding="utf-8"?>
<permissions>
   <feature name="com.samsung.android.api.version.2402"/>
   <feature name="com.samsung.android.api.version.2403"/>
   <feature name="com.samsung.android.api.version.2501"/>
   <feature name="com.samsung.android.api.version.2502"/>
   <feature name="com.samsung.android.api.version.2601"/>
   <feature name="com.samsung.android.api.version.2701"/>
   <feature name="com.samsung.android.api.version.2801"/>
   <feature name="com.samsung.android.api.version.2802"/>
   <feature name="com.samsung.android.api.version.2803"/>
   <feature name="com.samsung.android.api.version.2901"/>
   <feature name="com.samsung.android.api.version.2902"/>
   <feature name="com.samsung.android.api.version.2903"/>
   <feature name="com.samsung.android.api.version.3001"/>
</permissions>
