<?xml version="1.0" encoding="utf-8"?>
<permissions>
    <privapp-permissions package="com.samsung.android.app.galaxyfinder">
        <permission name="android.permission.CALL_PRIVILEGED"/>
        <permission name="android.permission.GLOBAL_SEARCH"/>
        <permission name="android.permission.INTERACT_ACROSS_USERS"/>
        <permission name="android.permission.REAL_GET_TASKS"/>
        <permission name="android.permission.WRITE_MEDIA_STORAGE"/>
        <permission name="android.permission.GET_ACCOUNTS_PRIVILEGED"/>
        <permission name="com.samsung.android.provider.indexing.permission.ACCESS_PROVIDER"/>
        <permission name="android.permission.STOP_APP_SWITCHES"/>
        <permission name="com.samsung.android.memo.READ"/>
        <permission name="com.samsung.android.honeyboard.permission.PLUGIN"/>
        <permission name="com.samsung.android.providers.media.READ"/>
        <permission name="android.permission.PACKAGE_USAGE_STATS"/>
        <permission name="android.permission.READ_SEARCH_INDEXABLES"/>
        <!-- Android 9 and bellow -->
        <permission name="android.permission.READ_FRAME_BUFFER"/>
    </privapp-permissions>
</permissions>
