<?xml version="1.0" encoding="utf-8"?>
<permissions>
    <privapp-permissions package="com.sec.android.app.launcher">
        <permission name="android.permission.BIND_APPWIDGET"/>
        <permission name="android.permission.CALL_PRIVILEGED"/>
        <permission name="android.permission.CHANGE_COMPONENT_ENABLED_STATE"/>
        <permission name="android.permission.CONTROL_REMOTE_APP_TRANSITION_ANIMATIONS"/>
        <permission name="android.permission.FORCE_STOP_PACKAGES"/>
        <permission name="android.permission.INTERACT_ACROSS_USERS"/>
        <permission name="android.permission.MANAGE_USERS"/>
        <permission name="android.permission.WRITE_SECURE_SETTINGS"/>
        <permission name="android.permission.READ_WALLPAPER_INTERNAL"/>
        <permission name="com.samsung.android.permission.ADD_PAIR_APP_SHORTCUT"/>
        <permission name="com.samsung.android.permission.SSRM_NOTIFICATION_PERMISSION"/>
        <permission name="com.samsung.android.virtualscreen.permission.MANAGE_VIRTUAL_SCREEN"/>
        <permission name="android.permission.PACKAGE_USAGE_STATS"/>
        <permission name="com.sec.android.diagmonagent.permission.DIAGMON"/>
        <permission name="com.sec.android.diagmonagent.permission.PROVIDER"/>
        <permission name="android.permission.READ_PRIVILEGED_PHONE_STATE"/>
        <permission name="android.permission.BROADCAST_CLOSE_SYSTEM_DIALOGS"/>
        <permission name="android.permission.SET_WALLPAPER"/>
        <permission name="android.permission.START_TASKS_FROM_RECENTS"/>
        <!-- Android 9 and bellow -->
        <permission name="android.permission.READ_FRAME_BUFFER"/>
        <permission name="android.permission.MANAGE_ACTIVITY_STACKS"/>
    </privapp-permissions>
</permissions>
