<?xml version="1.0" encoding="utf-8"?>
<permissions>
    <privapp-permissions package="com.android.vending">
        <permission name="android.permission.ALLOCATE_AGGRESSIVE"/>
        <permission name="android.permission.CHANGE_COMPONENT_ENABLED_STATE"/>
        <permission name="android.permission.CHANGE_OVERLAY_PACKAGES"/>
        <permission name="android.permission.CLEAR_APP_CACHE"/>
        <permission name="android.permission.DELETE_PACKAGES"/>
        <permission name="android.permission.FORCE_STOP_PACKAGES"/>
        <permission name="android.permission.INSTALL_PACKAGES"/>
        <permission name="android.permission.MANAGE_ROLLBACKS"/>
        <permission name="android.permission.REBOOT"/>
        <permission name="android.permission.STATUS_BAR"/>
        <permission name="android.permission.UPDATE_DEVICE_STATS"/>
        <permission name="android.permission.WRITE_SECURE_SETTINGS"/>
        <permission name="android.permission.SUBSTITUTE_NOTIFICATION_APP_NAME"/>
        <permission name="android.permission.GET_ACCOUNTS_PRIVILEGED"/>
        <permission name="android.permission.INTERACT_ACROSS_USERS"/>
        <permission name="android.permission.MANAGE_USERS"/>
        <permission name="android.permission.START_ACTIVITIES_FROM_BACKGROUND"/>
        <permission name="android.permission.BACKUP"/>
        <permission name="android.permission.REAL_GET_TASKS"/>
        <permission name="com.android.permission.USE_INSTALLER_V2"/>
        <deny-permission name="android.permission.BATTERY_STATS"/>
        <deny-permission name="android.permission.CHANGE_DEVICE_IDLE_TEMP_WHITELIST"/>
        <deny-permission name="android.permission.CONNECTIVITY_INTERNAL"/>
        <deny-permission name="android.permission.DUMP"/>
        <deny-permission name="android.permission.GET_APP_OPS_STATS"/>
        <deny-permission name="android.permission.LOADER_USAGE_STATS"/>
        <deny-permission name="android.permission.PACKAGE_USAGE_STATS"/>
        <deny-permission name="android.permission.PACKAGE_VERIFICATION_AGENT"/>
        <deny-permission name="android.permission.READ_PRIVILEGED_PHONE_STATE"/>
        <deny-permission name="android.permission.READ_RUNTIME_PROFILES"/>
        <deny-permission name="android.permission.SEND_DEVICE_CUSTOMIZATION_READY"/>
        <deny-permission name="android.permission.SEND_SMS_NO_CONFIRMATION"/>
    </privapp-permissions>

    <privapp-permissions package="com.google.android.gms">
        <permission name="android.permission.CHANGE_DEVICE_IDLE_TEMP_WHITELIST"/>
        <permission name="android.permission.INSTALL_LOCATION_PROVIDER"/>
        <permission name="android.permission.UPDATE_APP_OPS_STATS"/>
    </privapp-permissions>

    <privapp-permissions package="me.zhanghai.android.files">
        <permission name="android.permission.CHANGE_OVERLAY_PACKAGES"/>
        <permission name="android.permission.INTERACT_ACROSS_USERS"/>
        <permission name="android.permission.LOG_COMPAT_CHANGE"/>
        <permission name="android.permission.MODIFY_QUIET_MODE"/>
        <permission name="android.permission.READ_COMPAT_CHANGE_CONFIG"/>
    </privapp-permissions>

    <privapp-permissions package="org.fdroid.fdroid.privileged">
        <permission name="android.permission.DELETE_PACKAGES"/>
        <permission name="android.permission.INSTALL_PACKAGES"/>
    </privapp-permissions>
</permissions>