<?xml version="1.0" encoding="utf-8"?>
<permissions>
    <privapp-permissions package="com.samsung.android.soundassistant">
		<permission name="android.permission.MODIFY_PHONE_STATE"/>
		<permission name="android.permission.MEDIA_CONTENT_CONTROL"/>
		<permission name="android.permission.MODIFY_AUDIO_ROUTING"/>
		<permission name="android.permission.INTERACT_ACROSS_USERS"/>
		<permission name="android.permission.WRITE_SECURE_SETTINGS"/>
		<permission name="android.permission.SET_PROCESS_LIMIT"/>
    </privapp-permissions>
</permissions>
